id,long_name,gender,image_url,headshot_image_url,dob,dod,country_team_id
1026431,Finlay Trenouth,M,/db/PICTURES/CMS/271800/271835.jpg,,1998-09-22 00:00:00,,1
21585,Marcus Trescothick,M,/db/PICTURES/CMS/304900/304970.jpg,https://img1.hscicdn.com/image/upload/lsci/db/PICTURES/CMS/319800/319800.png,1975-12-25 00:00:00,,1
914623,Liam Trevaskis,M,/db/PICTURES/CMS/302400/302419.1.jpg,,1999-04-18 00:00:00,,1
21593,Albert Trott,M,/db/PICTURES/CMS/67500/67566.1.jpg,,1873-02-06 00:00:00,1914-07-30 00:00:00,1
47623,Jonathan Trott,M,/db/PICTURES/CMS/305000/305014.jpg,https://img1.hscicdn.com/image/upload/lsci/db/PICTURES/CMS/319700/319793.png,1981-04-22 00:00:00,,1
21598,Jim Troughton,M,/db/PICTURES/CMS/304900/304988.jpg,,1979-03-02 00:00:00,,1
21600,Fred Trueman,M,/db/PICTURES/CMS/156200/156257.4.jpg,https://img1.hscicdn.com/image/upload/lsci/db/PICTURES/CMS/329800/329853.png,1931-02-06 00:00:00,2006-07-01 00:00:00,1
21601,Harvey Trump,M,,,1968-10-11 00:00:00,,1
21525,Joseph Tucker,M,/db/PICTURES/DB/012002/033372.player.jpg,,1979-09-14 00:00:00,,1
21607,Alex Tudor,M,/db/PICTURES/CMS/304300/304361.jpg,,1977-10-23 00:00:00,,1
21609,Neville Tufnell,M,,,1887-06-13 00:00:00,1951-08-03 00:00:00,1
21611,Phil Tufnell,M,/db/PICTURES/CMS/304400/304408.jpg,,1966-04-29 00:00:00,,1
21614,Maurice Turnbull,M,/db/PICTURES/CMS/76100/76119.1.jpg,,1906-03-16 00:00:00,1944-08-05 00:00:00,1
53863,Doris Turner,F,,,1908-03-03 00:00:00,,1
22135,Mark Turner,M,/db/PICTURES/CMS/131400/131405.1.jpg,,1984-10-23 00:00:00,,1
757251,Ben Twohig,M,,,1998-04-13 00:00:00,,1
21634,Ernest Tyldesley,M,/db/PICTURES/DB/062004/053045.player.jpg,,1889-02-05 00:00:00,1962-05-05 00:00:00,1
21636,Johnny Tyldesley,M,/db/PICTURES/CMS/97900/97984.1.jpg,,1873-11-22 00:00:00,1930-11-27 00:00:00,1
21637,Dick Tyldesley,M,,,1897-03-11 00:00:00,1943-09-17 00:00:00,1
21639,Edmund Tylecote,M,/db/PICTURES/DB/092004/054751.player.jpg,,1849-06-23 00:00:00,1938-03-15 00:00:00,1
21641,Ted Tyler,M,,,1864-10-13 00:00:00,1917-01-25 00:00:00,1
21644,Frank Tyson,M,/db/PICTURES/CMS/304600/304622.jpg,,1930-06-06 00:00:00,2015-09-27 00:00:00,1
22144,Shaun Udal,M,/db/PICTURES/CMS/304300/304348.jpg,,1969-03-18 00:00:00,,1
22146,George Ulyett,M,/db/PICTURES/CMS/97900/97951.1.jpg,,1851-10-21 00:00:00,1898-06-18 00:00:00,1
22149,Derek Underwood,M,/db/PICTURES/CMS/326500/326504.4.jpg,https://img1.hscicdn.com/image/upload/lsci/db/PICTURES/CMS/327500/327553.png,1945-06-08 00:00:00,,1
22173,Bryan Valentine,M,,,1908-01-17 00:00:00,1983-02-02 00:00:00,1
53864,Carol Valentine,F,/db/PICTURES/CMS/85200/85234.1.jpg,,1906-11-26 00:00:00,,1
22182,Michael Vaughan,M,/db/PICTURES/CMS/303900/303980.jpg,https://img1.hscicdn.com/image/upload/lsci/db/PICTURES/CMS/319800/319804.png,1974-10-29 00:00:00,,1
524812,Kishen Velani,M,/db/PICTURES/CMS/157100/157194.1.jpg,,1994-09-02 00:00:00,,1
22185,Hedley Verity,M,/db/PICTURES/CMS/304700/304733.jpg,,1905-05-18 00:00:00,1943-07-31 00:00:00,1
22186,George Vernon,M,,,1856-06-20 00:00:00,1902-08-10 00:00:00,1
53865,Eileen Vigor,F,,,,,1
874173,Mady Villiers,F,/db/PICTURES/CMS/305100/305189.png,https://img1.hscicdn.com/image/upload/lsci/db/PICTURES/CMS/323100/323188.png,1998-08-26 00:00:00,,1
296597,James Vince,M,/db/PICTURES/CMS/303900/303961.jpg,https://img1.hscicdn.com/image/upload/lsci/db/PICTURES/CMS/323000/323001.png,1991-03-14 00:00:00,,1
22189,Joseph Vine,M,,,1875-05-15 00:00:00,1946-04-25 00:00:00,1
1037701,Amar Virdi,M,/db/PICTURES/CMS/279500/279566.1.jpg,,1998-07-19 00:00:00,,1
22192,Bill Voce,M,/db/PICTURES/CMS/304200/304283.png,,1909-08-08 00:00:00,1984-06-06 00:00:00,1
22251,Abe Waddington,M,/db/PICTURES/DB/032005/058733.player.jpg,,1893-02-04 00:00:00,1959-10-28 00:00:00,1
22559,Graham Wagg,M,/db/PICTURES/CMS/131700/131705.1.jpg,,1983-04-28 00:00:00,,1
22256,Mark Wagh,M,/db/PICTURES/CMS/131600/131643.1.jpg,,1976-10-20 00:00:00,,1
22258,Ted Wainwright,M,,,1865-04-08 00:00:00,1919-10-28 00:00:00,1
53866,Jacqueline Wainwright,F,,,1947-05-28 00:00:00,,1
23506,Alex Wakely,M,/db/PICTURES/CMS/156700/156748.1.jpg,,1988-11-03 00:00:00,,1
53888,Alexia Walker,F,,,1982-11-26 00:00:00,,1
22274,Matt Walker,M,/db/PICTURES/CMS/131100/131177.1.jpg,,1974-01-02 00:00:00,,1
22276,Peter Walker,M,/db/PICTURES/CMS/304600/304605.jpg,,1936-02-17 00:00:00,2020-04-04 00:00:00,1
1046777,Roman Walker,M,/db/PICTURES/CMS/296100/296198.1.jpg,,2000-08-06 00:00:00,,1
22280,Mark Wallace,M,/db/PICTURES/CMS/131700/131711.1.jpg,,1981-11-19 00:00:00,,1
22283,Cyril Walters,M,/db/PICTURES/CMS/304700/304728.jpg,,1905-08-28 00:00:00,1992-12-23 00:00:00,1
22285,Tim Walton,M,,,1972-11-08 00:00:00,,1
22292,Alan Ward,M,/db/PICTURES/DB/052004/052426.player.jpg,,1947-08-10 00:00:00,,1
22290,Albert Ward,M,,,1865-11-21 00:00:00,1939-01-06 00:00:00,1
901657,Harrison Ward,M,/db/PICTURES/CMS/357100/357195.1.jpg,,1999-10-25 00:00:00,,1
22301,Ian Ward,M,/db/PICTURES/DB/092004/054664.player.jpg,,1972-09-30 00:00:00,,1
22306,Trevor Ward,M,/db/PICTURES/DB/042002/035314.player.jpg,,1968-01-18 00:00:00,,1
53890,Helen Wardlaw,F,/db/PICTURES/CMS/304900/304981.png,,1982-10-11 00:00:00,,1
22288,Johnny Wardle,M,/db/PICTURES/CMS/304600/304691.jpg,,1923-01-08 00:00:00,1985-07-23 00:00:00,1
782035,Jared Warner,M,/db/PICTURES/CMS/220300/220331.1.jpg,,1996-11-14 00:00:00,,1
22311,Pelham Warner,M,/db/PICTURES/CMS/304800/304872.jpg,,1873-10-02 00:00:00,1963-01-30 00:00:00,1
22319,John Warr,M,/db/PICTURES/DB/122004/057053.player.jpg,,1927-07-16 00:00:00,2016-05-09 00:00:00,1
22314,Arnold Warren,M,,,1875-04-02 00:00:00,1951-09-03 00:00:00,1
22550,Nick Warren,M,/db/PICTURES/CMS/64500/64525.1.jpg,,1982-06-26 00:00:00,,1
22317,Russell Warren,M,/db/PICTURES/CMS/66400/66498.1.jpg,,1971-09-10 00:00:00,,1
22322,Cyril Washbrook,M,/db/PICTURES/CMS/90600/90662.1.jpg,,1914-12-06 00:00:00,1999-04-27 00:00:00,1
23510,Huw Waters,M,/db/PICTURES/CMS/131700/131717.1.jpg,,1986-09-26 00:00:00,,1
22333,Steve Watkin,M,/db/PICTURES/CMS/304400/304404.jpg,,1964-09-15 00:00:00,,1
22329,Allan Watkins,M,/db/PICTURES/CMS/304600/304683.jpg,,1922-04-21 00:00:00,2011-08-03 00:00:00,1
22328,Mike Watkinson,M,/db/PICTURES/CMS/303900/303983.jpg,,1961-08-01 00:00:00,,1
53867,Chris Watmough,F,,,1947-03-22 00:00:00,,1
22340,Willie Watson,M,,,1920-03-07 00:00:00,2004-04-24 00:00:00,1
53868,Wendy Watson,F,,,1960-07-08 00:00:00,,1
212709,Jo Watts,F,/db/PICTURES/CMS/52200/52290.jpg,,1987-05-18 00:00:00,,1
1318286,Raphael Weatherall,M,,,2004-10-24 00:00:00,,1
748793,Joe Weatherley,M,/db/PICTURES/CMS/296100/296194.1.jpg,,1997-01-19 00:00:00,,1
22349,Alexander Webbe,M,/db/PICTURES/DB/032005/058868.player.jpg,,1855-01-16 00:00:00,1941-02-19 00:00:00,1
22355,Graeme Welch,M,/db/PICTURES/CMS/131600/131685.1.jpg,,1972-03-21 00:00:00,,1
22357,Arthur Wellard,M,/db/PICTURES/CMS/304700/304707.jpg,,1902-04-08 00:00:00,1980-12-31 00:00:00,1
22361,Alan Wells,M,/db/PICTURES/CMS/303900/303916.jpg,,1961-10-02 00:00:00,,1
22363,Colin Wells,M,/db/PICTURES/CMS/304900/304947.jpg,,1960-03-03 00:00:00,,1
350126,Luke Wells,M,/db/PICTURES/CMS/131600/131607.1.jpg,,1990-12-29 00:00:00,,1
22365,Vince Wells,M,/db/PICTURES/CMS/304900/304966.jpg,,1965-08-06 00:00:00,,1
53722,Joan Westbrook,F,,,1923-02-17 00:00:00,2000-01-25 00:00:00,1
53869,Ruth Westbrook,F,/db/PICTURES/CMS/305100/305199.jpg,,1930-07-12 00:00:00,2016-04-07 00:00:00,1
857965,Olly Westbury,M,,,1997-07-02 00:00:00,,1
210777,Mervyn Westfield,M,/db/PICTURES/CMS/116100/116156.1.jpg,,1988-05-05 00:00:00,,1
214265,Tom Westley,M,/db/PICTURES/CMS/304300/304327.jpg,https://img1.hscicdn.com/image/upload/lsci/db/PICTURES/CMS/323000/323088.png,1989-03-13 00:00:00,,1
22373,Robin Weston,M,/db/PICTURES/DB/052001/025317.player.jpg,,1975-06-07 00:00:00,,1
22375,Phil Weston,M,/db/PICTURES/CMS/75200/75221.1.jpg,,1973-06-16 00:00:00,,1
22380,Alex Wharf,M,/db/PICTURES/CMS/185400/185479.1.jpg,,1975-06-04 00:00:00,,1
22381,Alan Wharton,M,/db/PICTURES/CMS/303300/303392.jpg,,1923-04-30 00:00:00,1993-08-26 00:00:00,1
297617,Adam Wheater,M,/db/PICTURES/CMS/210000/210033.1.jpg,,1990-02-13 00:00:00,,1
53870,Eileen Whelan,F,,,1911-10-30 00:00:00,2021-12-03 00:00:00,1
53756,Claire Whichcord,F,,,1972-12-09 00:00:00,,1
22390,Matthew Whiley,M,/db/PICTURES/DB/042002/035317.player.jpg,,1980-05-06 00:00:00,,1
22392,James Whitaker,M,/db/PICTURES/CMS/304400/304486.jpg,,1962-05-05 00:00:00,,1
22403,Craig White,M,/db/PICTURES/CMS/304300/304382.jpg,,1969-12-16 00:00:00,,1
22405,Butch White,M,,,1935-12-14 00:00:00,2008-08-01 00:00:00,1
23513,Graeme White,M,/db/PICTURES/CMS/131600/131634.1.jpg,,1987-04-18 00:00:00,,1
22408,Jack White,M,/db/PICTURES/CMS/304700/304786.jpg,,1891-02-19 00:00:00,1961-05-02 00:00:00,1
1318296,Ross Whitfield,M,,,2004-09-10 00:00:00,,1
53871,Jacqueline Whitney,F,,,1943-02-05 00:00:00,,1
22420,Dodger Whysall,M,,,1887-10-31 00:00:00,1930-11-11 00:00:00,1
22430,Duncan Wild,M,,,1962-11-28 00:00:00,,1
53872,Kath Wilkins,F,,,1976-05-17 00:00:00,,1
53874,Wilkie Wilkinson,F,/db/PICTURES/CMS/305100/305166.png,,,2002-04-17 00:00:00,1
22434,Len Wilkinson,M,,,1916-11-05 00:00:00,2002-09-03 00:00:00,1
324977,Ian Wilks,M,,,1957-04-15 00:00:00,,1
53875,Margaret Wilks,F,,,,,1
308251,David Willey,M,/db/PICTURES/CMS/305000/305028.jpg,https://img1.hscicdn.com/image/upload/lsci/db/PICTURES/CMS/322900/322904.png,1990-02-28 00:00:00,,1
22442,Peter Willey,M,/db/PICTURES/CMS/304500/304515.jpg,,1949-12-06 00:00:00,,1
22453,Neil Williams,M,/db/PICTURES/CMS/304400/304409.jpg,,1962-07-02 00:00:00,2006-03-27 00:00:00,1
22457,Richard Williams,M,,,1957-08-10 00:00:00,,1
22462,Bob Willis,M,/db/PICTURES/CMS/326500/326503.4.jpg,https://img1.hscicdn.com/image/upload/lsci/db/PICTURES/CMS/322900/322900.png,1949-05-30 00:00:00,2019-12-04 00:00:00,1
22466,Clem Wilson,M,,,1875-05-15 00:00:00,1944-02-08 00:00:00,1
22469,Don Wilson,M,/db/PICTURES/CMS/304200/304285.jpg,,1937-08-07 00:00:00,2012-07-21 00:00:00,1
22471,Rockley Wilson,M,,,1879-03-25 00:00:00,1957-07-21 00:00:00,1
466619,Fran Wilson,F,/db/PICTURES/CMS/304900/304978.png,https://img1.hscicdn.com/image/upload/lsci/db/PICTURES/CMS/323100/323180.png,1991-11-07 00:00:00,,1
22475,Nicholas Wilton,M,,,1978-09-23 00:00:00,,1
22478,Matt Windows,M,/db/PICTURES/CMS/66400/66400.1.jpg,,1973-04-05 00:00:00,,1
517572,Lauren Winfield-Hill,F,/db/PICTURES/CMS/305000/305053.png,https://img1.hscicdn.com/image/upload/lsci/db/PICTURES/CMS/323100/323182.png,1990-08-16 00:00:00,,1
53881,Katharine Winks,F,,,1978-03-16 00:00:00,,1
518666,Jack Winslade,M,/db/PICTURES/CMS/179000/179003.1.jpg,,1995-04-12 00:00:00,,1
247235,Chris Woakes,M,/db/PICTURES/CMS/304300/304336.jpg,https://img1.hscicdn.com/image/upload/lsci/db/PICTURES/CMS/316600/316603.png,1989-03-02 00:00:00,,1
1146066,Issy Wong,F,/db/PICTURES/CMS/324700/324741.4.jpg,https://img1.hscicdn.com/image/upload/lsci/db/PICTURES/CMS/326500/326541.png,2002-05-15 00:00:00,,1
22496,Arthur Wood,M,/db/PICTURES/DB/032004/050664.player.jpg,,1898-08-25 00:00:00,1973-04-01 00:00:00,1
22498,Barry Wood,M,/db/PICTURES/CMS/304500/304556.jpg,,1942-12-26 00:00:00,,1
310525,Chris Wood,M,/db/PICTURES/CMS/210000/210035.1.jpg,https://img1.hscicdn.com/image/upload/lsci/db/PICTURES/CMS/324200/324236.png,1990-06-27 00:00:00,,1
22500,George Wood,M,/db/PICTURES/DB/032005/058740.player.jpg,,1893-08-22 00:00:00,1971-03-18 00:00:00,1
226318,Greg Wood,M,/db/PICTURES/CMS/86900/86919.1.jpg,,1988-12-02 00:00:00,,1
22502,Henry Wood,M,,,1853-12-14 00:00:00,1919-04-30 00:00:00,1
573170,Luke Wood,M,/db/PICTURES/CMS/179000/179005.1.jpg,https://img1.hscicdn.com/image/upload/lsci/db/PICTURES/CMS/324300/324367.png,1995-08-02 00:00:00,,1
351588,Mark Wood,M,/db/PICTURES/CMS/303900/303977.jpg,https://img1.hscicdn.com/image/upload/lsci/db/PICTURES/CMS/316600/316660.png,1990-01-11 00:00:00,,1
22509,Matthew Wood,M,/db/PICTURES/CMS/89500/89559.1.jpg,,1977-04-06 00:00:00,,1
22511,Nathan Wood,M,,,1974-10-04 00:00:00,,1
53877,Barbara Wood,F,/db/PICTURES/DB/102004/055214.player.jpg,,,,1
22512,Reg Wood,M,,,1860-03-07 00:00:00,1915-01-06 00:00:00,1
351998,Sam Wood,M,/db/PICTURES/CMS/156000/156084.1.jpg,,1993-04-03 00:00:00,,1
324956,PB Woodhead,M,,,,,1
216186,Rob Woodman,M,/db/PICTURES/CMS/102000/102006.1.jpg,,1986-10-12 00:00:00,,1
885723,Euan Woods,M,,,1998-09-30 00:00:00,,1
22492,Sammy Woods,M,,,1867-04-13 00:00:00,1931-04-30 00:00:00,1
22518,Frank Woolley,M,/db/PICTURES/CMS/304700/304797.4.jpg,https://img1.hscicdn.com/image/upload/lsci/db/PICTURES/CMS/329800/329856.png,1887-05-27 00:00:00,1978-10-18 00:00:00,1
22520,Bob Woolmer,M,/db/PICTURES/CMS/303900/303923.jpg,,1948-05-14 00:00:00,2007-03-18 00:00:00,1
22526,Stan Worthington,M,/db/PICTURES/DB/012005/057782.player.jpg,,1905-08-21 00:00:00,1973-08-31 00:00:00,1
23515,Ben Wright,M,/db/PICTURES/CMS/131700/131707.1.jpg,,1987-12-05 00:00:00,,1
22534,Charles Wright,M,,,1863-05-27 00:00:00,1936-01-10 00:00:00,1
22536,Doug Wright,M,/db/PICTURES/CMS/304700/304702.jpg,,1914-08-21 00:00:00,1998-11-13 00:00:00,1
23460,Luke Wright,M,/db/PICTURES/CMS/305000/305012.jpg,https://img1.hscicdn.com/image/upload/lsci/db/PICTURES/CMS/319700/319799.png,1985-03-07 00:00:00,,1
53878,Elaine Wulcko,F,,,,,1
254168,Danni Wyatt,F,/db/PICTURES/CMS/305100/305146.png,https://img1.hscicdn.com/image/upload/lsci/db/PICTURES/CMS/320300/320399.png,1991-04-22 00:00:00,,1
22545,Bob Wyatt,M,/db/PICTURES/CMS/304700/304737.jpg,,1901-05-02 00:00:00,1995-04-20 00:00:00,1
917117,Theo Wylie,M,,,2006-01-17 00:00:00,,1
22548,Teddy Wynyard,M,/db/PICTURES/CMS/97900/97953.3.jpg,,1861-04-01 00:00:00,1936-10-30 00:00:00,1
23521,Norman Yardley,M,/db/PICTURES/CMS/326500/326507.5.jpg,https://img1.hscicdn.com/image/upload/lsci/db/PICTURES/CMS/327500/327559.png,1915-03-19 00:00:00,1989-10-03 00:00:00,1
23523,Michael Yardy,M,/db/PICTURES/CMS/305000/305006.jpg,https://img1.hscicdn.com/image/upload/lsci/db/PICTURES/CMS/322900/322908.png,1980-11-27 00:00:00,,1
23532,Sailor Young,M,,,1876-02-05 00:00:00,1964-12-12 00:00:00,1
23534,Jack Young,M,/db/PICTURES/DB/042004/051491.player.jpg,,1912-10-14 00:00:00,1993-02-05 00:00:00,1
23536,Dick Young,M,/db/PICTURES/DB/092004/054752.player.jpg,,1885-09-16 00:00:00,1968-07-01 00:00:00,1
1145408,Sam Young,M,/db/PICTURES/CMS/299000/299059.1.jpg,,2000-07-30 00:00:00,,1
663613,Saif Zaib,M,/db/PICTURES/CMS/307000/307032.1.jpg,,1998-05-22 00:00:00,,1
1207680,Aaqib Khan,M,,,2003-12-25 00:00:00,,6
1292521,Aaradhya Yadav,M,/db/PICTURES/CMS/338100/338196.4.jpg,https://img1.hscicdn.com/image/upload/lsci/db/PICTURES/CMS/345000/345087.png,2004-06-03 00:00:00,,6
360911,Varun Aaron,M,/db/PICTURES/CMS/181800/181829.1.jpg,https://img1.hscicdn.com/image/upload/lsci/db/PICTURES/CMS/322600/322609.png,1989-10-29 00:00:00,,6
26511,Abbas Ali Khan,M,,,,,6
1081436,Abhishek Goswami,M,,,1997-11-06 00:00:00,,6
1070183,Abhishek Sharma,M,/db/PICTURES/CMS/356800/356824.1.png,https://img1.hscicdn.com/image/upload/lsci/db/PICTURES/CMS/358000/358037.png,2000-09-04 00:00:00,,6
26169,Syed Abid Ali,M,/db/PICTURES/DB/122004/057131.player.jpg,,1941-09-09 00:00:00,,6
26504,Abid Nabi,M,,,1985-12-26 00:00:00,,6
26179,Hemu Adhikari,M,/db/PICTURES/DB/022005/058010.player.jpg,,1919-07-31 00:00:00,2003-10-25 00:00:00,6
26184,Ajit Agarkar,M,/db/PICTURES/CMS/53100/53190.jpg,https://img1.hscicdn.com/image/upload/lsci/db/PICTURES/CMS/319900/319929.png,1977-12-04 00:00:00,,6
26304,Monish Agarwal,M,,,1970-12-29 00:00:00,,6
398438,Mayank Agarwal,M,/db/PICTURES/CMS/302300/302377.jpg,https://img1.hscicdn.com/image/upload/lsci/db/PICTURES/CMS/322600/322626.png,1991-02-16 00:00:00,,6
53913,Sandhya Agarwal,F,,,1963-05-09 00:00:00,,6
26375,Nitin Aggarwal,M,,,1983-12-17 00:00:00,,6
228430,Abu Nechim,M,/db/PICTURES/CMS/110200/110269.1.jpg,,1988-11-05 00:00:00,,6
942645,Khaleel Ahmed,M,/db/PICTURES/CMS/315000/315022.jpg,https://img1.hscicdn.com/image/upload/lsci/db/PICTURES/CMS/322200/322268.png,1997-12-05 00:00:00,,6
1081218,Suraj Ahuja,M,/db/PICTURES/CMS/287300/287308.1.jpg,,1999-09-23 00:00:00,,6
1175458,Akash Singh,M,/db/PICTURES/CMS/315000/315007.jpg,,2002-04-26 00:00:00,,6
1081504,Siddharth Akre,M,,,1997-11-04 00:00:00,,6
54286,Nooshin Al Khadeer,F,/db/PICTURES/CMS/304500/304546.jpg,,1981-02-13 00:00:00,,6
253804,Amanpreet Singh,M,,,1989-09-16 00:00:00,,6
26228,Amar Singh,M,/db/PICTURES/CMS/17400/17454.player.jpg,,1910-12-04 00:00:00,1940-05-21 00:00:00,6
26223,Lala Amarnath,M,/db/PICTURES/CMS/302300/302344.jpg,,1911-09-11 00:00:00,2000-08-05 00:00:00,6
26225,Mohinder Amarnath,M,/db/PICTURES/CMS/36100/36166.4.jpg,https://img1.hscicdn.com/image/upload/lsci/db/PICTURES/CMS/327800/327847.png,1950-09-24 00:00:00,,6
26226,Surinder Amarnath,M,,,1948-12-30 00:00:00,,6
26238,Pravin Amre,M,/db/PICTURES/CMS/302500/302525.jpg,,1968-08-14 00:00:00,,6
26797,Anand Rajan,M,/db/PICTURES/CMS/152600/152628.1.jpg,,1987-04-17 00:00:00,,6
26798,Srikkanth Anirudha,M,/db/PICTURES/CMS/75600/75615.jpg,,1987-04-14 00:00:00,,6
960673,Anjali Sarvani,F,/db/PICTURES/CMS/353900/353965.4.jpg,https://img1.hscicdn.com/image/upload/lsci/db/PICTURES/CMS/357400/357485.png,1997-08-28 00:00:00,,6
26257,Salil Ankola,M,/db/PICTURES/CMS/302400/302473.jpg,,1968-03-01 00:00:00,,6
1175467,Atharva Ankolekar,M,,,2000-09-26 00:00:00,,6
851261,Anmolpreet Singh,M,/db/PICTURES/CMS/356800/356823.1.png,https://img1.hscicdn.com/image/upload/lsci/db/PICTURES/CMS/358000/358038.png,1998-03-28 00:00:00,,6
1123073,Anuj Rawat,M,/db/PICTURES/CMS/357600/357621.7.jpg,https://img1.hscicdn.com/image/upload/lsci/db/PICTURES/CMS/359700/359757.png,1999-10-17 00:00:00,,6
1255374,Bareddy Anusha,F,,,2003-06-06 00:00:00,,6
477071,Baba Aparajith,M,/db/PICTURES/CMS/362300/362323.1.png,,1994-07-08 00:00:00,,6
269170,KP Appanna,M,/db/PICTURES/CMS/82400/82427.1.jpg,,1988-12-20 00:00:00,,6
26268,Arvind Apte,M,,,1934-10-24 00:00:00,2014-08-05 00:00:00,6
26269,Madhav Apte,M,,,1932-10-05 00:00:00,2019-09-23 00:00:00,6
290632,Sreenath Aravind,M,/db/PICTURES/CMS/127800/127895.1.jpg,,1984-04-08 00:00:00,,6
26432,Ajitesh Argal,M,/db/PICTURES/CMS/86700/86715.1.jpg,,1988-09-21 00:00:00,,6
1175464,Arjun Azad,M,,,2001-08-08 00:00:00,,6
960369,Armaan Jaffer,M,,,1998-10-25 00:00:00,,6
1199281,Salil Arora,M,,,2002-11-07 00:00:00,,6
642539,Rishi Arothe,M,,,1995-11-12 00:00:00,,6
26290,Arshad Ayub,M,,,1958-08-02 00:00:00,,6
1125976,Arshdeep Singh,M,/db/PICTURES/CMS/356700/356795.1.png,https://img1.hscicdn.com/image/upload/lsci/db/PICTURES/CMS/322100/322178.png,1999-02-05 00:00:00,,6
26295,Arun Lal,M,/db/PICTURES/CMS/302400/302447.jpg,,1955-08-01 00:00:00,,6
26293,Bharat Arun,M,/db/PICTURES/CMS/302400/302467.jpg,,1962-12-14 00:00:00,,6
26291,Jagadeesh Arunkumar,M,/db/PICTURES/CMS/153600/153677.1.jpg,,1975-01-18 00:00:00,,6
26540,Arvind Singh,M,,,1977-04-01 00:00:00,,6
1060201,Ashok Sandhu,M,,,2000-10-11 00:00:00,,6
26421,Ravichandran Ashwin,M,/db/PICTURES/CMS/302300/302395.jpg,https://img1.hscicdn.com/image/upload/lsci/db/PICTURES/CMS/316500/316521.png,1986-09-17 00:00:00,,6
26319,Chandrashekhar Atram,M,,,1983-10-01 00:00:00,,6
642541,Atul Singh,M,,,1994-10-24 00:00:00,,6
694211,Avesh Khan,M,/db/PICTURES/CMS/200000/200065.1.jpg,https://img1.hscicdn.com/image/upload/lsci/db/PICTURES/CMS/322200/322244.png,1996-12-13 00:00:00,,6
26487,Avinash Yadav,M,/db/PICTURES/CMS/303400/303496.png,,1986-10-02 00:00:00,,6
1171647,Avneesh Sudha,M,/db/PICTURES/CMS/340700/340728.png,https://img1.hscicdn.com/image/upload/lsci/db/PICTURES/CMS/340700/340728.png,2001-11-20 00:00:00,,6
26325,Kirti Azad,M,/db/PICTURES/CMS/302400/302451.jpg,,1959-01-02 00:00:00,,6
26329,Mohammad Azharuddin,M,/db/PICTURES/CMS/302400/302471.jpg,https://img1.hscicdn.com/image/upload/lsci/db/PICTURES/CMS/319900/319944.png,1963-02-08 00:00:00,,6
26794,Parvez Aziz,M,/db/PICTURES/CMS/110200/110278.1.jpg,,1987-12-08 00:00:00,,6
26802,Hemang Badani,M,/db/PICTURES/CMS/299500/299580.1.jpg,,1976-11-14 00:00:00,,6
1151270,Ayush Badoni,M,,,1999-12-03 00:00:00,,6
26806,S Badrinath,M,/db/PICTURES/CMS/302300/302389.jpg,,1980-08-30 00:00:00,,6
1204925,Simran Bahadur,M,/db/PICTURES/CMS/335100/335142.4.jpg,https://img1.hscicdn.com/image/upload/lsci/db/PICTURES/CMS/341900/341907.png,1999-12-13 00:00:00,,6
26815,Sairaj Bahutule,M,/db/PICTURES/CMS/110200/110281.1.jpg,,1973-01-06 00:00:00,,6
26817,Abbas Ali Baig,M,/db/PICTURES/DB/122004/057135.player.jpg,,1939-03-19 00:00:00,,6
604534,Ankush Bains,M,/db/PICTURES/CMS/179400/179471.1.jpg,,1995-12-16 00:00:00,,6
26829,Lakshmipathy Balaji,M,/db/PICTURES/CMS/304200/304209.png,,1981-09-27 00:00:00,,6
1292500,Dinesh Bana,M,/db/PICTURES/CMS/338100/338197.4.jpg,https://img1.hscicdn.com/image/upload/lsci/db/PICTURES/CMS/345000/345088.png,2004-12-15 00:00:00,,6
27569,Saurabh Bandekar,M,/db/PICTURES/CMS/110800/110808.1.jpg,,1987-11-16 00:00:00,,6
27172,Audrish Banerjee,M,,,1975-02-26 00:00:00,,6
27014,Rohan Banerjee,M,/db/PICTURES/DB/112000/018910.jpg,,1988-12-10 00:00:00,,6
26849,Mantu Banerjee,M,,,1919-11-01 00:00:00,1992-09-14 00:00:00,6
26851,Shute Banerjee,M,/db/PICTURES/CMS/302300/302355.jpg,,1911-10-03 00:00:00,1980-10-14 00:00:00,6
26853,Subroto Banerjee,M,,,1969-02-13 00:00:00,,6
54124,Gargi Banerjee,F,,,1961-07-20 00:00:00,,6
27225,Sanjay Bangar,M,/db/PICTURES/CMS/302400/302404.jpg,,1972-10-11 00:00:00,,6
26855,Hreisikesh Bangari,M,,,,,6
1207681,Rishabh Bansal,M,,,2002-06-05 00:00:00,,6
26860,Baqa Jilani,M,,,1911-07-20 00:00:00,1941-07-02 00:00:00,6
398519,Avi Barot,M,,,1992-06-25 00:00:00,2021-10-15 00:00:00,6
27179,Hemanga Baruah,M,,,1966-03-14 00:00:00,2015-11-14 00:00:00,6
54234,Runa Basu,F,,,,,6
942649,Rahul Batham,M,,,1998-08-21 00:00:00,,6
324538,H Bawa,M,,,,,6
1292502,RajÂ Bawa,M,/db/PICTURES/CMS/337400/337424.4.jpg,https://img1.hscicdn.com/image/upload/lsci/db/PICTURES/CMS/339100/339156.png,2002-11-12 00:00:00,,6
26872,Atul Bedade,M,/db/PICTURES/DB/032000/010132.jpg,,1966-09-24 00:00:00,,6
26875,Bishan Bedi,M,/db/PICTURES/CMS/36100/36194.player.jpg,https://img1.hscicdn.com/image/upload/lsci/db/PICTURES/CMS/327600/327683.png,1946-09-25 00:00:00,,6
1207682,Vikrant Bhadoriya,M,,,2000-11-26 00:00:00,,6
1081497,Rishab Bhagat,M,,,1997-09-22 00:00:00,,6
54235,Vrinda Bhagat,F,,,,,6
27186,Anant Bhagwat,M,,,1975-11-06 00:00:00,,6
26896,Amit Bhandari,M,/db/PICTURES/CMS/84700/84747.1.jpg,,1978-10-01 00:00:00,,6
26897,Prakash Bhandari,M,,,1935-11-27 00:00:00,,6
529436,Srikar Bharat,M,/db/PICTURES/CMS/314800/314851.png,https://img1.hscicdn.com/image/upload/lsci/db/PICTURES/CMS/354100/354136.png,1993-10-03 00:00:00,,6
27192,Krishnan Bhaskar Pillai,M,/db/PICTURES/CMS/83200/83294.1.jpg,,1963-02-27 00:00:00,,6
26928,Raghuram Bhat,M,,,1958-04-16 00:00:00,,6
26907,Rajat Bhatia,M,/db/PICTURES/CMS/109200/109204.jpg,,1979-10-22 00:00:00,,6
883423,Taniya Bhatia,M,/db/PICTURES/CMS/304300/304398.png,https://img1.hscicdn.com/image/upload/lsci/db/PICTURES/CMS/321800/321868.png,1997-11-28 00:00:00,,6
960715,Yastika Bhatia,F,/db/PICTURES/CMS/329300/329353.4.jpg,https://img1.hscicdn.com/image/upload/lsci/db/PICTURES/CMS/331100/331197.png,2000-11-01 00:00:00,,6
54236,Pramila Bhatt,F,,,,,6
27197,Manojit Bhatt,M,,,1966-09-06 00:00:00,,6
54237,Lopamudra Bhattacharj,F,,,,,6
27260,Arup Bhattacharya,M,,,1963-01-20 00:00:00,,6
642531,Ricky Bhui,M,/db/PICTURES/CMS/314800/314834.jpg,,1996-09-29 00:00:00,,6
325094,Bhupinder Singh,M,,,1980-12-28 00:00:00,,6
26942,Bhupinder Singh,M,,,1965-04-01 00:00:00,,6
27565,Bhupinder Singh,M,,,1970-11-19 00:00:00,,6
26946,Azhar Bilakhia,M,,,1986-05-31 00:00:00,,6
26948,Roger Binny,M,/db/PICTURES/DB/072004/053375.player.jpg,,1955-07-19 00:00:00,,6
27223,Stuart Binny,M,/db/PICTURES/CMS/304200/304260.png,https://img1.hscicdn.com/image/upload/lsci/db/PICTURES/CMS/316500/316514.png,1984-06-03 00:00:00,,6
442048,Ekta Bisht,M,/db/PICTURES/CMS/304400/304463.png,https://img1.hscicdn.com/image/upload/lsci/db/PICTURES/CMS/320600/320619.png,1986-02-08 00:00:00,,6
27280,Manvinder  Bisla,M,/db/PICTURES/CMS/146000/146009.jpg,,1984-12-27 00:00:00,,6
27209,Ranjib Biswal,M,/db/PICTURES/CMS/118500/118579.1.jpg,,1970-09-21 00:00:00,,6
26957,Rajesh Borah,M,,,1967-11-14 00:00:00,,6
26962,Chandu Borde,M,/db/PICTURES/CMS/326500/326518.4.jpg,https://img1.hscicdn.com/image/upload/lsci/db/PICTURES/CMS/327800/327850.png,1934-07-21 00:00:00,,6
26966,Gopal Bose,M,,,1947-05-20 00:00:00,2018-08-26 00:00:00,6
54238,Sreerupa Bose,F,,,,2017-11-30 00:00:00,6
54239,Sandra Braganza,F,,,,,6
252229,Nidhi Buley,F,/db/PICTURES/CMS/64500/64502.jpg,,1986-08-14 00:00:00,,6
625383,Jasprit Bumrah,M,/db/PICTURES/CMS/356800/356849.1.png,https://img1.hscicdn.com/image/upload/lsci/db/PICTURES/CMS/319900/319940.png,1993-12-06 00:00:00,,6
26972,Devendra Bundela,M,/db/PICTURES/CMS/147800/147843.1.jpg,,1977-02-22 00:00:00,,6
27760,Gaurav Chabra,M,,,1987-11-19 00:00:00,,6
430246,Yuzvendra Chahal,M,/db/PICTURES/CMS/312100/312155.png,https://img1.hscicdn.com/image/upload/lsci/db/PICTURES/CMS/319900/319955.png,1990-07-23 00:00:00,,6
447261,Deepak Chahar,M,/db/PICTURES/CMS/315000/315014.jpg,https://img1.hscicdn.com/image/upload/lsci/db/PICTURES/CMS/322700/322704.png,1992-08-07 00:00:00,,6
1064812,Rahul Chahar,M,/db/PICTURES/CMS/329300/329346.4.jpg,https://img1.hscicdn.com/image/upload/lsci/db/PICTURES/CMS/331100/331166.png,1999-08-04 00:00:00,,6
54240,Sharmila Chakraborty,F,,,1961-03-04 00:00:00,,6
54241,Uthpala Chakraborty,F,,,,,6
27591,Bhagwath Chandrasekhar,M,/db/PICTURES/CMS/13200/13253.player.jpg,https://img1.hscicdn.com/image/upload/lsci/db/PICTURES/CMS/322600/322603.png,1945-05-17 00:00:00,,6
27592,V.B.Chandrasekhar,M,/db/PICTURES/CMS/121200/121206.jpg,,1961-08-21 00:00:00,2019-08-15 00:00:00,6
27603,Utpal Chatterjee,M,/db/PICTURES/DB/112000/018487.jpg,,1964-07-13 00:00:00,,6
27790,Mohan Chaturvedi,M,,,1971-06-04 00:00:00,,6
290722,Ishwar Chaudhary,M,/db/PICTURES/CMS/254600/254607.1.jpg,,1988-07-10 00:00:00,,6
27619,Chetan Chauhan,M,/db/PICTURES/CMS/326500/326569.4.jpg,https://img1.hscicdn.com/image/upload/lsci/db/PICTURES/CMS/329800/329838.png,1947-07-21 00:00:00,2020-08-16 00:00:00,6
27622,Rajesh Chauhan,M,/db/PICTURES/CMS/256500/256541.6.jpg,,1966-12-19 00:00:00,,6
32966,Piyush Chawla,M,/db/PICTURES/CMS/304200/304219.png,https://img1.hscicdn.com/image/upload/lsci/db/PICTURES/CMS/322200/322272.png,1988-12-24 00:00:00,,6
53910,Anjum Chopra,F,/db/PICTURES/CMS/304500/304532.png,https://img1.hscicdn.com/image/upload/lsci/db/PICTURES/CMS/320600/320617.png,1977-05-20 00:00:00,,6
27639,Aakash Chopra,M,/db/PICTURES/CMS/302300/302397.jpg,,1977-09-19 00:00:00,,6
27641,Nikhil Chopra,M,/db/PICTURES/CMS/302400/302486.jpg,,1973-12-26 00:00:00,,6
500135,Prashant Chopra,M,/db/PICTURES/CMS/315100/315163.jpg,,1992-10-07 00:00:00,,6
54279,Purnima Choudhary,F,/db/PICTURES/DB/042000/011104.jpg,,1971-10-15 00:00:00,,6
27651,Deepak Chougule,M,/db/PICTURES/CMS/108000/108084.1.jpg,,1984-04-01 00:00:00,,6
27659,Nirode Chowdhury,M,,,1923-05-23 00:00:00,1979-12-14 00:00:00,6
27665,Sorabji Colah,M,,,1902-09-22 00:00:00,1950-09-11 00:00:00,6
27970,Hoshedar Contractor,M,,,1961-02-01 00:00:00,,6
27667,Nari Contractor,M,/db/PICTURES/DB/122004/057107.player.jpg,,1934-03-07 00:00:00,,6
54043,Soniya Dabir,F,/db/PICTURES/CMS/304500/304571.png,,1980-07-17 00:00:00,,6
54242,Sangita Dabir,F,,,1971-01-22 00:00:00,,6
398437,Mukul Dagar,M,/db/PICTURES/CMS/151400/151474.jpg,,1990-12-17 00:00:00,,6
942367,Mayank Dagar,M,/db/PICTURES/CMS/356800/356822.1.png,,1996-11-11 00:00:00,,6
27978,Vijay Dahiya,M,/db/PICTURES/CMS/302500/302540.jpg,,1973-05-10 00:00:00,,6
27987,Ashu Dani,M,,,1974-10-03 00:00:00,,6
27988,Bal Dani,M,,,1933-05-24 00:00:00,1999-12-19 00:00:00,6
28004,Rajesh Dani,M,,,1961-11-19 00:00:00,,6
372319,Archana Das,F,/db/PICTURES/CMS/304400/304458.png,https://img1.hscicdn.com/image/upload/lsci/db/PICTURES/CMS/321800/321874.png,1988-07-21 00:00:00,,6
27994,Aniket Das,M,/db/PICTURES/DB/082000/015549.jpg,,1984-05-30 00:00:00,,6
328163,Debabrata Das,M,/db/PICTURES/CMS/67200/67287.1.jpg,,1986-09-22 00:00:00,,6
227724,Krishna Das,M,/db/PICTURES/CMS/110200/110276.1.jpg,,1990-10-12 00:00:00,,6
28258,Sritam Das,M,,,1968-08-10 00:00:00,,6
28010,Shiv Sunder Das,M,/db/PICTURES/CMS/111300/111355.1.jpg,,1977-11-05 00:00:00,,6
28146,Deep Dasgupta,M,/db/PICTURES/CMS/302400/302400.jpg,,1977-06-07 00:00:00,,6
28014,Anup Dave,M,,,1981-05-02 00:00:00,,6
28017,Prayan Dave,M,,,1973-10-17 00:00:00,,6
54254,Diana David,F,/db/PICTURES/CMS/304400/304462.png,https://img1.hscicdn.com/image/upload/lsci/db/PICTURES/CMS/321800/321877.png,1985-03-02 00:00:00,,6
53912,Neetu David,F,/db/PICTURES/CMS/304500/304544.png,https://img1.hscicdn.com/image/upload/lsci/db/PICTURES/CMS/320600/320626.png,1977-09-01 00:00:00,,6
28149,Noel David,M,,,1971-02-26 00:00:00,,6
28261,Amikar Dayal,M,,,1967-01-31 00:00:00,,6
500154,Kumar Deobrat,M,,,1992-10-24 00:00:00,,6
960845,Harleen Deol,F,/db/PICTURES/CMS/329300/329348.5.jpg,https://img1.hscicdn.com/image/upload/lsci/db/PICTURES/CMS/331100/331193.png,1998-06-21 00:00:00,,6
1070195,Harvik Desai,M,/db/PICTURES/CMS/271800/271897.jpg,,1999-10-04 00:00:00,,6
54243,Minoti Desai,F,,,1968-03-15 00:00:00,,6
28045,Ramakant Desai,M,/db/PICTURES/CMS/302300/302351.jpg,,1939-06-20 00:00:00,1998-04-27 00:00:00,6
54244,Seema Desai,F,,,,,6
1123681,Siddharth Desai,M,,,2000-08-16 00:00:00,,6
220679,Anagha Deshpande,F,/db/PICTURES/CMS/304400/304457.png,https://img1.hscicdn.com/image/upload/lsci/db/PICTURES/CMS/321800/321872.png,1985-11-19 00:00:00,,6
28322,Abhijit Deshpande,M,,,1968-02-22 00:00:00,,6
28365,Anand Deshpande,M,,,1970-01-30 00:00:00,,6
1153626,Ajay Dev Goud,M,/db/PICTURES/CMS/314800/314811.jpg,,2000-02-15 00:00:00,,6
54245,Rita Dey,F,,,,,6
54114,Rumeli Dhar,F,/db/PICTURES/CMS/304500/304554.png,https://img1.hscicdn.com/image/upload/lsci/db/PICTURES/CMS/320600/320630.png,1983-12-09 00:00:00,,6
28067,Pankaj Dharmani,M,/db/PICTURES/CMS/109800/109862.1.jpg,,1974-09-27 00:00:00,,6
28070,Mulewa Dharmichand,M,/db/PICTURES/CMS/114400/114440.1.jpg,,1984-04-04 00:00:00,,6
290727,Rishi Dhawan,M,/db/PICTURES/CMS/314900/314991.jpg,https://img1.hscicdn.com/image/upload/lsci/db/PICTURES/CMS/322600/322604.png,1990-02-19 00:00:00,,6
28235,Shikhar Dhawan,M,/db/PICTURES/CMS/302300/302373.jpg,https://img1.hscicdn.com/image/upload/lsci/db/PICTURES/CMS/316500/316524.png,1985-12-05 00:00:00,,6
28619,Gaurav Dhiman,M,/db/PICTURES/CMS/67200/67288.1.jpg,,1986-12-16 00:00:00,,6
54281,Kalyani Dhokarikar,F,/db/PICTURES/DB/082003/045885.jpg,,1971-05-09 00:00:00,,6
54246,Rajeshwari Dholakia,F,,,,,6
28081,MS Dhoni,M,/db/PICTURES/CMS/302400/302402.jpg,https://img1.hscicdn.com/image/upload/lsci/db/PICTURES/CMS/319900/319946.png,1981-07-07 00:00:00,,6
597803,Ritu Dhrub,F,,,1994-10-16 00:00:00,,6
1292498,Yash Dhull,M,/db/PICTURES/CMS/336800/336898.4.jpg,https://img1.hscicdn.com/image/upload/lsci/db/PICTURES/CMS/339100/339162.png,2002-11-11 00:00:00,,6
28090,Sameer Dighe,M,/db/PICTURES/CMS/302500/302530.jpg,,1968-10-08 00:00:00,,6
28092,Dilawar Hussain,M,,,1907-03-19 00:00:00,1967-08-26 00:00:00,6
53944,Preeti Dimri,F,/db/PICTURES/CMS/64500/64505.jpg,,1986-10-18 00:00:00,,6
227712,Ashok Dinda,M,/db/PICTURES/CMS/304200/304270.png,,1984-03-25 00:00:00,,6
28095,Ramesh Divecha,M,,,1927-10-18 00:00:00,2003-02-19 00:00:00,6
28107,Dilip Doshi,M,/db/PICTURES/CMS/62000/62016.1.jpg,,1947-12-22 00:00:00,,6
28114,Rahul Dravid,M,/db/PICTURES/CMS/302300/302350.jpg,https://img1.hscicdn.com/image/upload/lsci/db/PICTURES/CMS/319900/319948.png,1973-01-11 00:00:00,,6
714451,Shivam Dube,M,/db/PICTURES/CMS/356700/356768.1.png,https://img1.hscicdn.com/image/upload/lsci/db/PICTURES/CMS/322700/322703.png,1993-06-26 00:00:00,,6
28118,Salim Durani,M,/db/PICTURES/CMS/302300/302354.jpg,,1934-12-11 00:00:00,2023-04-02 00:00:00,6
28120,Brij Dutta,M,,,1968-02-09 00:00:00,,6
28122,Gautam Dutta,M,,,1973-10-28 00:00:00,,6
54247,Behroze Edulji,F,,,,,6
54044,Diana Edulji,F,/db/PICTURES/CMS/304500/304538.png,,1956-01-26 00:00:00,,6
279540,Napoleon Einstein,M,/db/PICTURES/CMS/86700/86724.1.jpg,,1989-08-16 00:00:00,,6
28624,Farokh Engineer,M,/db/PICTURES/CMS/326500/326519.4.jpg,https://img1.hscicdn.com/image/upload/lsci/db/PICTURES/CMS/327800/327853.png,1938-02-25 00:00:00,,6
28671,Faiz Fazal,M,/db/PICTURES/CMS/187300/187319.5.jpg,,1985-09-07 00:00:00,,6
1070185,Daryl Ferrario,M,/db/PICTURES/CMS/362200/362271.1.png,,1998-05-07 00:00:00,,6
54248,Laya Francis,F,,,,,6
961179,Bharti Fulmali,F,/db/PICTURES/CMS/304200/304240.jpg,,1994-10-11 00:00:00,,6
28751,Chandrasekhar Gadkari,M,,,1928-02-03 00:00:00,1998-01-11 00:00:00,6
28754,Anshuman Gaekwad,M,/db/PICTURES/CMS/304200/304266.5.jpg,https://img1.hscicdn.com/image/upload/lsci/db/PICTURES/CMS/329800/329839.png,1952-09-23 00:00:00,,6
28755,Datta Gaekwad,M,/db/PICTURES/CMS/302300/302343.jpg,,1928-10-27 00:00:00,,6
28756,Hiralal Gaekwad,M,,,1923-08-29 00:00:00,2003-01-02 00:00:00,6
398508,Gagandeep Singh,M,,,1991-03-09 00:00:00,2009-10-09 00:00:00,6
1060380,Ruturaj Gaikwad,M,/db/PICTURES/CMS/356700/356779.1.png,https://img1.hscicdn.com/image/upload/lsci/db/PICTURES/CMS/322200/322236.png,1997-01-31 00:00:00,,6
28763,Gautam Gambhir,M,/db/PICTURES/CMS/304100/304196.png,https://img1.hscicdn.com/image/upload/lsci/db/PICTURES/CMS/319900/319935.png,1981-10-14 00:00:00,,6
28892,Ishan Ganda,M,/db/PICTURES/DB/032000/010302.jpg,,1981-12-30 00:00:00,,6
28770,Devang Gandhi,M,/db/PICTURES/DB/121999/008256.player.jpg,,1971-09-06 00:00:00,,6
54089,Reshma Gandhi,F,/db/PICTURES/CMS/304500/304551.jpg,,1974-12-16 00:00:00,,6
28772,Ashok Gandotra,M,,,1948-11-24 00:00:00,,6
28774,Dodda Ganesh,M,/db/PICTURES/CMS/94000/94004.1.jpg,,1973-06-30 00:00:00,,6
1161160,Ajay Gangapuram,M,,,,,6
28779,Sourav Ganguly,M,/db/PICTURES/CMS/303200/303264.jpg,https://img1.hscicdn.com/image/upload/lsci/db/PICTURES/CMS/319900/319951.png,1972-07-08 00:00:00,,6
642543,Aamir Gani,M,/db/PICTURES/CMS/179400/179473.1.jpg,,1996-08-27 00:00:00,,6
1070180,Priyam Garg,M,/db/PICTURES/CMS/309000/309082.png,https://img1.hscicdn.com/image/upload/lsci/db/PICTURES/CMS/339100/339155.png,2000-11-30 00:00:00,,6
28899,Harsh Gautam,M,,,1986-11-07 00:00:00,,6
1292513,Aneeshwar Gautam,M,/db/PICTURES/CMS/338200/338252.4.jpg,https://img1.hscicdn.com/image/upload/lsci/db/PICTURES/CMS/345000/345089.png,2003-01-16 00:00:00,,6
28792,Rohan Gavaskar,M,/db/PICTURES/CMS/302500/302578.jpg,,1976-02-20 00:00:00,,6
28794,Sunil Gavaskar,M,/db/PICTURES/CMS/246900/246933.jpg,https://img1.hscicdn.com/image/upload/lsci/db/PICTURES/CMS/319900/319952.png,1949-07-10 00:00:00,,6
709635,Rajeshwari Gayakwad,M,/db/PICTURES/CMS/304400/304473.png,https://img1.hscicdn.com/image/upload/lsci/db/PICTURES/CMS/320600/320629.png,1991-06-01 00:00:00,,6
28808,Rajinder Singh Ghai,M,,,1960-06-12 00:00:00,,6
28813,Karsan Ghavri,M,/db/PICTURES/CMS/326500/326570.4.jpg,https://img1.hscicdn.com/image/upload/lsci/db/PICTURES/CMS/329800/329840.png,1951-02-28 00:00:00,,6
28814,Jayasinghrao Ghorpade,M,,,1930-10-02 00:00:00,1978-03-29 00:00:00,6
220435,Arindam Ghosh,M,,,1986-10-19 00:00:00,,6
54251,Arunadhati Ghosh,F,,,,,6
1212830,Richa Ghosh,F,/db/PICTURES/CMS/304500/304552.png,https://img1.hscicdn.com/image/upload/lsci/db/PICTURES/CMS/331100/331192.png,2003-09-28 00:00:00,,6
28843,Mohammad Ghouse Baba,M,,,1978-09-06 00:00:00,,6
28821,Ghulam Ahmed,M,/db/PICTURES/CMS/302300/302340.jpg,,1922-07-04 00:00:00,1998-10-28 00:00:00,6
28829,Hejmadi Girish Rao,M,,,1975-09-18 00:00:00,,6
28830,Gnaneswara Rao,M,/db/PICTURES/CMS/360300/360399.1.png,,1984-08-25 00:00:00,,6
54249,Rekha Godbole,F,,,,,6
29018,Virbhadrasinh Gohil,M,,,1969-07-14 00:00:00,,6
28846,Raiphi Gomez,M,/db/PICTURES/CMS/293500/293575.1.jpg,,1985-10-16 00:00:00,,6
28848,Trevor Gonsalves,M,/db/PICTURES/DB/092000/016310.jpg,,1972-10-04 00:00:00,,6
317293,Manpreet Gony,M,/db/PICTURES/CMS/302500/302573.jpg,,1984-01-04 00:00:00,,6
344580,Shreyas Gopal,M,/db/PICTURES/CMS/309000/309090.png,https://img1.hscicdn.com/image/upload/lsci/db/PICTURES/CMS/322200/322275.png,1993-09-04 00:00:00,,6
28850,Morappakam Gopalan,M,/db/PICTURES/CMS/304900/304973.png,,1909-06-06 00:00:00,2003-12-21 00:00:00,6
28855,Chingleput Gopinath,M,/db/PICTURES/DB/072000/014257.jpg,,1930-03-01 00:00:00,,6
53932,Jhulan Goswami,F,/db/PICTURES/CMS/304500/304541.png,https://img1.hscicdn.com/image/upload/lsci/db/PICTURES/CMS/320600/320623.png,1982-11-25 00:00:00,,6
302579,Shreevats Goswami,M,/db/PICTURES/CMS/309000/309088.png,,1989-05-18 00:00:00,,6
424377,Krishnappa Gowtham,M,/db/PICTURES/CMS/356800/356850.1.png,,1988-10-20 00:00:00,,6
53972,Bindeshwari Goyal,F,/db/PICTURES/DB/042000/011072.jpg,,1979-06-01 00:00:00,,6
53948,Rajeshwari Goyal,F,/db/PICTURES/DB/032000/010696.jpg,,1981-12-15 00:00:00,,6
28861,Ghulam Guard,M,,,1925-12-12 00:00:00,1978-03-13 00:00:00,6
29022,Sunil Gudge,M,,,1959-12-31 00:00:00,,6
28864,Subrata Guha,M,/db/PICTURES/CMS/302300/302363.jpg,,1946-01-31 00:00:00,2003-11-05 00:00:00,6
28982,Praveen Gupta,M,/db/PICTURES/CMS/110800/110864.1.jpg,,1986-12-08 00:00:00,,6
54253,Shashi Gupta,F,,,1964-04-03 00:00:00,,6
490619,Shilpa Gupta,F,,,1987-02-24 00:00:00,,6
28878,Baloo Gupte,M,/db/PICTURES/DB/092000/015983.jpg,,1934-08-30 00:00:00,2005-07-05 00:00:00,6
28880,Subhash Gupte,M,/db/PICTURES/CMS/302300/302356.4.jpg,https://img1.hscicdn.com/image/upload/lsci/db/PICTURES/CMS/329800/329847.png,1929-12-11 00:00:00,2002-05-31 00:00:00,6
253795,Onkar Gurav,M,/db/PICTURES/CMS/81100/81150.1.jpg,,1988-06-29 00:00:00,,6
29040,Gurinder Singh,M,,,1966-02-17 00:00:00,,6
537124,Gurkeerat Singh Mann,M,/db/PICTURES/CMS/309000/309064.jpg,https://img1.hscicdn.com/image/upload/lsci/db/PICTURES/CMS/322700/322712.png,1990-06-29 00:00:00,,6
28884,Gursharan Singh,M,/db/PICTURES/CMS/302400/302493.jpg,,1963-03-08 00:00:00,,6
1175429,Rajvardhan Hangargekar,M,/db/PICTURES/CMS/336200/336292.4.jpg,https://img1.hscicdn.com/image/upload/lsci/db/PICTURES/CMS/339100/339157.png,2002-11-10 00:00:00,,6
29260,Hanumant Singh,M,/db/PICTURES/CMS/68400/68477.1.jpg,,1939-03-29 00:00:00,2006-11-29 00:00:00,6
29264,Harbhajan Singh,M,/db/PICTURES/CMS/302400/302494.jpg,https://img1.hscicdn.com/image/upload/lsci/db/PICTURES/CMS/319900/319937.png,1980-07-03 00:00:00,,6
29268,Manohar Hardikar,M,,,1936-02-08 00:00:00,1995-02-04 00:00:00,6
54283,Smitha Harikrishna,F,/db/PICTURES/DB/042000/011064.jpg,,1973-10-06 00:00:00,,6
422847,Harmeet Singh,M,/db/PICTURES/CMS/148400/148408.jpg,,1992-09-07 00:00:00,,6
29391,Harminder Singh,M,/db/PICTURES/DB/042002/035780.player.jpg,,1978-01-20 00:00:00,,6
1292496,Harnoor Singh,M,/db/PICTURES/CMS/338200/338253.4.jpg,https://img1.hscicdn.com/image/upload/lsci/db/PICTURES/CMS/345000/345090.png,2003-01-30 00:00:00,,6
340854,Harpreet Singh,M,/db/PICTURES/CMS/314900/314906.jpg,,1991-08-11 00:00:00,,6
1081444,Harsh Tyagi,M,,,1999-12-23 00:00:00,,6
29528,Harvinder Singh,M,,,1987-04-05 00:00:00,,6
29280,Harvinder Singh,M,/db/PICTURES/CMS/53200/53213.jpg,,1977-12-23 00:00:00,,6
29288,Swapnil Hazare,M,,,1980-01-30 00:00:00,,6
29290,Vijay Hazare,M,/db/PICTURES/CMS/120300/120354.1.jpg,https://img1.hscicdn.com/image/upload/lsci/db/PICTURES/CMS/322100/322180.png,1915-03-11 00:00:00,2004-12-18 00:00:00,6
1119008,Shubhang Hegde,M,,,2001-03-30 00:00:00,,6
961107,Dayalan Hemalatha,F,/db/PICTURES/CMS/304300/304393.png,,1994-09-29 00:00:00,,6
29522,Hemanth Kumar,M,/db/PICTURES/CMS/70800/70893.1.jpg,,1979-12-07 00:00:00,,6
532851,Akhil Herwadkar,M,/db/PICTURES/CMS/179400/179463.1.jpg,,1994-10-31 00:00:00,,6
29297,Dattaram Hindlekar,M,/db/PICTURES/DB/122004/057124.player.jpg,,1909-01-01 00:00:00,1949-03-30 00:00:00,6
29299,Narendra Hirwani,M,/db/PICTURES/CMS/302400/302472.jpg,,1968-10-18 00:00:00,,6
497121,Deepak Hooda,M,/db/PICTURES/CMS/343200/343251.4.jpg,https://img1.hscicdn.com/image/upload/lsci/db/PICTURES/CMS/345000/345083.png,1995-04-19 00:00:00,,6
324522,Mohammad Hyder,M,/db/PICTURES/CMS/101400/101425.1.jpg,,1967-05-05 00:00:00,,6
29529,KC Ibrahim,M,/db/PICTURES/CMS/82000/82094.jpg,,1919-01-26 00:00:00,2007-11-12 00:00:00,6
29533,Prince Indrajitsinhji,M,,,1937-06-15 00:00:00,2011-03-12 00:00:00,6
277237,Iqbal Abdulla,M,/db/PICTURES/CMS/314900/314936.jpg,,1989-12-02 00:00:00,,6
29568,Badruddin Khan,M,,,1968-06-04 00:00:00,,6
29543,Jenni Irani,M,,,1923-08-18 00:00:00,1982-02-25 00:00:00,6
720471,Ishan Kishan,M,/db/PICTURES/CMS/329300/329345.4.jpg,https://img1.hscicdn.com/image/upload/lsci/db/PICTURES/CMS/331100/331165.png,1998-07-18 00:00:00,,6
54255,Susan Itticheria,F,,,,,6
642519,Shreyas Iyer,M,/db/PICTURES/CMS/309100/309198.1.jpg,https://img1.hscicdn.com/image/upload/lsci/db/PICTURES/CMS/323000/323035.png,1994-12-06 00:00:00,,6
851403,Venkatesh Iyer,M,/db/PICTURES/CMS/328700/328712.1.jpg,https://img1.hscicdn.com/image/upload/lsci/db/PICTURES/CMS/337100/337187.png,1994-12-25 00:00:00,,6
29632,Ajay Jadeja,M,/db/PICTURES/CMS/302400/302487.jpg,https://img1.hscicdn.com/image/upload/lsci/db/PICTURES/CMS/322100/322177.png,1971-02-01 00:00:00,,6
234675,Ravindra Jadeja,M,/db/PICTURES/CMS/302300/302394.jpg,https://img1.hscicdn.com/image/upload/lsci/db/PICTURES/CMS/316600/316600.png,1988-12-06 00:00:00,,6
29833,Deepak Jadhav,M,,,1962-10-23 00:00:00,,6
290716,Kedar Jadhav,M,/db/PICTURES/CMS/302500/302569.jpg,https://img1.hscicdn.com/image/upload/lsci/db/PICTURES/CMS/323000/323031.png,1985-03-26 00:00:00,,6
29641,PD Jadhav,M,,,1980-03-05 00:00:00,,6
29835,Sanjeev Jadhav,M,,,1968-06-14 00:00:00,,6
29646,Wasim Jaffer,M,/db/PICTURES/CMS/302500/302503.jpg,,1978-02-16 00:00:00,,6
29654,Jahangir Khan,M,/db/PICTURES/DB/112004/055690.player.jpg,,1910-02-01 00:00:00,1988-07-23 00:00:00,6
29667,Laxmidas Jai,M,/db/PICTURES/DB/082004/053865.player.jpg,,1902-04-01 00:00:00,1968-01-29 00:00:00,6
53915,Anju Jain,F,/db/PICTURES/CMS/304500/304531.jpg,https://img1.hscicdn.com/image/upload/lsci/db/PICTURES/CMS/320600/320616.png,1974-08-11 00:00:00,,6
26507,Aditya Jain,M,,,1986-06-11 00:00:00,,6
29656,Anshu Jain,M,/db/PICTURES/CMS/355600/355653.1.png,,1979-11-15 00:00:00,,6
54171,Karuna Jain,F,/db/PICTURES/CMS/304400/304467.png,https://img1.hscicdn.com/image/upload/lsci/db/PICTURES/CMS/320600/320624.png,1985-09-09 00:00:00,,6
29663,Motganhalli Jaisimha,M,/db/PICTURES/CMS/155200/155299.9.jpg,https://img1.hscicdn.com/image/upload/lsci/db/PICTURES/CMS/329800/329841.png,1939-03-03 00:00:00,1999-07-06 00:00:00,6
1151278,Yashasvi Jaiswal,M,/db/PICTURES/CMS/356800/356803.1.png,https://img1.hscicdn.com/image/upload/lsci/db/PICTURES/CMS/340300/340309.png,2001-12-28 00:00:00,,6
29674,Rustomji Jamshedji,M,,,1892-11-18 00:00:00,1976-04-05 00:00:00,6
1070187,Ayush Jamwal,M,/db/PICTURES/CMS/315100/315166.jpg,,1999-08-11 00:00:00,,6
1151275,Mohit Jangra,M,,,1999-09-27 00:00:00,,6
29810,Jaspal Singh,M,,,1968-06-06 00:00:00,2015-11-12 00:00:00,6
652359,Pankaj Jaswal,M,/db/PICTURES/CMS/314900/314997.jpg,,1995-09-20 00:00:00,,6
29830,Jaswinder Singh,M,,,1974-10-23 00:00:00,,6
398515,Gaurav Jathar,M,/db/PICTURES/CMS/112800/112806.1.jpg,,1991-01-30 00:00:00,,6
29811,Javed Alam,M,,,1976-07-14 00:00:00,,6
29762,Javed Anwar,M,/db/PICTURES/DB/102000/016944.jpg,,1978-10-08 00:00:00,,6
29813,Javed Zaman,M,,,1976-08-08 00:00:00,,6
29852,Kenia Jayantilal,M,/db/PICTURES/DB/122004/057130.player.jpg,,1948-01-13 00:00:00,,6
29706,Jitender Singh,M,,,1976-01-10 00:00:00,,6
54256,Nilima Jogalekar,F,,,1961-07-01 00:00:00,,6
29976,Joginder Sharma,M,/db/PICTURES/CMS/302100/302160.jpg,,1983-10-23 00:00:00,,6
29709,Manoj Joglekar,M,,,1973-11-01 00:00:00,,6
29712,David Johnson,M,/db/PICTURES/DB/102004/055147.player.jpg,,1971-10-16 00:00:00,,6
1081438,Jonty Sidhu,M,,,1997-12-09 00:00:00,,6
1081443,Sijomon Joseph,M,,,1997-09-28 00:00:00,,6
29721,Nana Joshi,M,,,1926-10-27 00:00:00,1987-01-08 00:00:00,6
29725,Sunil Joshi,M,/db/PICTURES/CMS/140700/140759.jpg,,1970-06-06 00:00:00,,6
1207296,Divyansh Joshi,M,,,2001-09-24 00:00:00,,6
960815,Mansi Joshi,F,/db/PICTURES/CMS/304300/304395.png,https://img1.hscicdn.com/image/upload/lsci/db/PICTURES/CMS/321800/321873.png,1993-08-18 00:00:00,,6
29970,Saad Jung,M,,,1960-10-26 00:00:00,,6
1175488,Dhruv Jurel,M,/db/PICTURES/CMS/338100/338190.4.jpg,https://img1.hscicdn.com/image/upload/lsci/db/PICTURES/CMS/340300/340310.png,2001-01-21 00:00:00,,6
1130300,Aryan Juyal,M,/db/PICTURES/CMS/271900/271903.jpg,,2001-11-11 00:00:00,,6
54257,Neeta Kadam,F,,,,,6
29986,Mayur Kadrekar,M,,,1972-07-31 00:00:00,,6
29990,Mohammad Kaif,M,/db/PICTURES/CMS/302400/302496.jpg,https://img1.hscicdn.com/image/upload/lsci/db/PICTURES/CMS/319900/319945.png,1980-12-01 00:00:00,,6
53917,Hemlata Kala,F,/db/PICTURES/CMS/304500/304539.png,https://img1.hscicdn.com/image/upload/lsci/db/PICTURES/CMS/320600/320621.png,1975-08-15 00:00:00,,6
